Entity,Code,Year,regime_eiu
Afghanistan,AFG,2006,0
Afghanistan,AFG,2008,0
Afghanistan,AFG,2010,0
Afghanistan,AFG,2011,0
Afghanistan,AFG,2012,0
Afghanistan,AFG,2013,0
Afghanistan,AFG,2014,0
Afghanistan,AFG,2015,0
Afghanistan,AFG,2016,0
Afghanistan,AFG,2017,0
Afghanistan,AFG,2018,0
Afghanistan,AFG,2019,0
Afghanistan,AFG,2020,0
Afghanistan,AFG,2021,0
Afghanistan,AFG,2022,0
Albania,ALB,2006,1
Albania,ALB,2008,1
Albania,ALB,2010,1
Albania,ALB,2011,1
Albania,ALB,2012,1
Albania,ALB,2013,1
Albania,ALB,2014,1
Albania,ALB,2015,1
Albania,ALB,2016,1
Albania,ALB,2017,1
Albania,ALB,2018,1
Albania,ALB,2019,1
Albania,ALB,2020,2
Albania,ALB,2021,2
Albania,ALB,2022,2
Algeria,DZA,2006,0
Algeria,DZA,2008,0
Algeria,DZA,2010,0
Algeria,DZA,2011,0
Algeria,DZA,2012,0
Algeria,DZA,2013,0
Algeria,DZA,2014,0
Algeria,DZA,2015,0
Algeria,DZA,2016,0
Algeria,DZA,2017,0
Algeria,DZA,2018,0
Algeria,DZA,2019,1
Algeria,DZA,2020,0
Algeria,DZA,2021,0
Algeria,DZA,2022,0
Angola,AGO,2006,0
Angola,AGO,2008,0
Angola,AGO,2010,0
Angola,AGO,2011,0
Angola,AGO,2012,0
Angola,AGO,2013,0
Angola,AGO,2014,0
Angola,AGO,2015,0
Angola,AGO,2016,0
Angola,AGO,2017,0
Angola,AGO,2018,0
Angola,AGO,2019,0
Angola,AGO,2020,0
Angola,AGO,2021,0
Angola,AGO,2022,0
Argentina,ARG,2006,2
Argentina,ARG,2008,2
Argentina,ARG,2010,2
Argentina,ARG,2011,2
Argentina,ARG,2012,2
Argentina,ARG,2013,2
Argentina,ARG,2014,2
Argentina,ARG,2015,2
Argentina,ARG,2016,2
Argentina,ARG,2017,2
Argentina,ARG,2018,2
Argentina,ARG,2019,2
Argentina,ARG,2020,2
Argentina,ARG,2021,2
Argentina,ARG,2022,2
Armenia,ARM,2006,1
Armenia,ARM,2008,1
Armenia,ARM,2010,1
Armenia,ARM,2011,1
Armenia,ARM,2012,1
Armenia,ARM,2013,1
Armenia,ARM,2014,1
Armenia,ARM,2015,0
Armenia,ARM,2016,0
Armenia,ARM,2017,1
Armenia,ARM,2018,1
Armenia,ARM,2019,1
Armenia,ARM,2020,1
Armenia,ARM,2021,1
Armenia,ARM,2022,1
Australia,AUS,2006,3
Australia,AUS,2008,3
Australia,AUS,2010,3
Australia,AUS,2011,3
Australia,AUS,2012,3
Australia,AUS,2013,3
Australia,AUS,2014,3
Australia,AUS,2015,3
Australia,AUS,2016,3
Australia,AUS,2017,3
Australia,AUS,2018,3
Australia,AUS,2019,3
Australia,AUS,2020,3
Australia,AUS,2021,3
Australia,AUS,2022,3
Austria,AUT,2006,3
Austria,AUT,2008,3
Austria,AUT,2010,3
Austria,AUT,2011,3
Austria,AUT,2012,3
Austria,AUT,2013,3
Austria,AUT,2014,3
Austria,AUT,2015,3
Austria,AUT,2016,3
Austria,AUT,2017,3
Austria,AUT,2018,3
Austria,AUT,2019,3
Austria,AUT,2020,3
Austria,AUT,2021,3
Austria,AUT,2022,3
Azerbaijan,AZE,2006,0
Azerbaijan,AZE,2008,0
Azerbaijan,AZE,2010,0
Azerbaijan,AZE,2011,0
Azerbaijan,AZE,2012,0
Azerbaijan,AZE,2013,0
Azerbaijan,AZE,2014,0
Azerbaijan,AZE,2015,0
Azerbaijan,AZE,2016,0
Azerbaijan,AZE,2017,0
Azerbaijan,AZE,2018,0
Azerbaijan,AZE,2019,0
Azerbaijan,AZE,2020,0
Azerbaijan,AZE,2021,0
Azerbaijan,AZE,2022,0
Bahrain,BHR,2006,0
Bahrain,BHR,2008,0
Bahrain,BHR,2010,0
Bahrain,BHR,2011,0
Bahrain,BHR,2012,0
Bahrain,BHR,2013,0
Bahrain,BHR,2014,0
Bahrain,BHR,2015,0
Bahrain,BHR,2016,0
Bahrain,BHR,2017,0
Bahrain,BHR,2018,0
Bahrain,BHR,2019,0
Bahrain,BHR,2020,0
Bahrain,BHR,2021,0
Bahrain,BHR,2022,0
Bangladesh,BGD,2006,2
Bangladesh,BGD,2008,1
Bangladesh,BGD,2010,1
Bangladesh,BGD,2011,1
Bangladesh,BGD,2012,1
Bangladesh,BGD,2013,1
Bangladesh,BGD,2014,1
Bangladesh,BGD,2015,1
Bangladesh,BGD,2016,1
Bangladesh,BGD,2017,1
Bangladesh,BGD,2018,1
Bangladesh,BGD,2019,1
Bangladesh,BGD,2020,1
Bangladesh,BGD,2021,1
Bangladesh,BGD,2022,1
Belarus,BLR,2006,0
Belarus,BLR,2008,0
Belarus,BLR,2010,0
Belarus,BLR,2011,0
Belarus,BLR,2012,0
Belarus,BLR,2013,0
Belarus,BLR,2014,0
Belarus,BLR,2015,0
Belarus,BLR,2016,0
Belarus,BLR,2017,0
Belarus,BLR,2018,0
Belarus,BLR,2019,0
Belarus,BLR,2020,0
Belarus,BLR,2021,0
Belarus,BLR,2022,0
Belgium,BEL,2006,3
Belgium,BEL,2008,3
Belgium,BEL,2010,3
Belgium,BEL,2011,3
Belgium,BEL,2012,3
Belgium,BEL,2013,3
Belgium,BEL,2014,2
Belgium,BEL,2015,2
Belgium,BEL,2016,2
Belgium,BEL,2017,2
Belgium,BEL,2018,2
Belgium,BEL,2019,2
Belgium,BEL,2020,2
Belgium,BEL,2021,2
Belgium,BEL,2022,2
Benin,BEN,2006,2
Benin,BEN,2008,2
Benin,BEN,2010,2
Benin,BEN,2011,2
Benin,BEN,2012,1
Benin,BEN,2013,1
Benin,BEN,2014,1
Benin,BEN,2015,1
Benin,BEN,2016,1
Benin,BEN,2017,1
Benin,BEN,2018,1
Benin,BEN,2019,1
Benin,BEN,2020,1
Benin,BEN,2021,1
Benin,BEN,2022,1
Bhutan,BTN,2006,0
Bhutan,BTN,2008,1
Bhutan,BTN,2010,1
Bhutan,BTN,2011,1
Bhutan,BTN,2012,1
Bhutan,BTN,2013,1
Bhutan,BTN,2014,1
Bhutan,BTN,2015,1
Bhutan,BTN,2016,1
Bhutan,BTN,2017,1
Bhutan,BTN,2018,1
Bhutan,BTN,2019,1
Bhutan,BTN,2020,1
Bhutan,BTN,2021,1
Bhutan,BTN,2022,1
Bolivia,BOL,2006,1
Bolivia,BOL,2008,2
Bolivia,BOL,2010,1
Bolivia,BOL,2011,1
Bolivia,BOL,2012,1
Bolivia,BOL,2013,1
Bolivia,BOL,2014,1
Bolivia,BOL,2015,1
Bolivia,BOL,2016,1
Bolivia,BOL,2017,1
Bolivia,BOL,2018,1
Bolivia,BOL,2019,1
Bolivia,BOL,2020,1
Bolivia,BOL,2021,1
Bolivia,BOL,2022,1
Bosnia and Herzegovina,BIH,2006,1
Bosnia and Herzegovina,BIH,2008,1
Bosnia and Herzegovina,BIH,2010,1
Bosnia and Herzegovina,BIH,2011,1
Bosnia and Herzegovina,BIH,2012,1
Bosnia and Herzegovina,BIH,2013,1
Bosnia and Herzegovina,BIH,2014,1
Bosnia and Herzegovina,BIH,2015,1
Bosnia and Herzegovina,BIH,2016,1
Bosnia and Herzegovina,BIH,2017,1
Bosnia and Herzegovina,BIH,2018,1
Bosnia and Herzegovina,BIH,2019,1
Bosnia and Herzegovina,BIH,2020,1
Bosnia and Herzegovina,BIH,2021,1
Bosnia and Herzegovina,BIH,2022,1
Botswana,BWA,2006,2
Botswana,BWA,2008,2
Botswana,BWA,2010,2
Botswana,BWA,2011,2
Botswana,BWA,2012,2
Botswana,BWA,2013,2
Botswana,BWA,2014,2
Botswana,BWA,2015,2
Botswana,BWA,2016,2
Botswana,BWA,2017,2
Botswana,BWA,2018,2
Botswana,BWA,2019,2
Botswana,BWA,2020,2
Botswana,BWA,2021,2
Botswana,BWA,2022,2
Brazil,BRA,2006,2
Brazil,BRA,2008,2
Brazil,BRA,2010,2
Brazil,BRA,2011,2
Brazil,BRA,2012,2
Brazil,BRA,2013,2
Brazil,BRA,2014,2
Brazil,BRA,2015,2
Brazil,BRA,2016,2
Brazil,BRA,2017,2
Brazil,BRA,2018,2
Brazil,BRA,2019,2
Brazil,BRA,2020,2
Brazil,BRA,2021,2
Brazil,BRA,2022,2
Bulgaria,BGR,2006,2
Bulgaria,BGR,2008,2
Bulgaria,BGR,2010,2
Bulgaria,BGR,2011,2
Bulgaria,BGR,2012,2
Bulgaria,BGR,2013,2
Bulgaria,BGR,2014,2
Bulgaria,BGR,2015,2
Bulgaria,BGR,2016,2
Bulgaria,BGR,2017,2
Bulgaria,BGR,2018,2
Bulgaria,BGR,2019,2
Bulgaria,BGR,2020,2
Bulgaria,BGR,2021,2
Bulgaria,BGR,2022,2
Burkina Faso,BFA,2006,0
Burkina Faso,BFA,2008,0
Burkina Faso,BFA,2010,0
Burkina Faso,BFA,2011,0
Burkina Faso,BFA,2012,0
Burkina Faso,BFA,2013,1
Burkina Faso,BFA,2014,1
Burkina Faso,BFA,2015,1
Burkina Faso,BFA,2016,1
Burkina Faso,BFA,2017,1
Burkina Faso,BFA,2018,1
Burkina Faso,BFA,2019,1
Burkina Faso,BFA,2020,0
Burkina Faso,BFA,2021,0
Burkina Faso,BFA,2022,0
Burundi,BDI,2006,1
Burundi,BDI,2008,1
Burundi,BDI,2010,1
Burundi,BDI,2011,1
Burundi,BDI,2012,0
Burundi,BDI,2013,0
Burundi,BDI,2014,0
Burundi,BDI,2015,0
Burundi,BDI,2016,0
Burundi,BDI,2017,0
Burundi,BDI,2018,0
Burundi,BDI,2019,0
Burundi,BDI,2020,0
Burundi,BDI,2021,0
Burundi,BDI,2022,0
Cambodia,KHM,2006,1
Cambodia,KHM,2008,1
Cambodia,KHM,2010,1
Cambodia,KHM,2011,1
Cambodia,KHM,2012,1
Cambodia,KHM,2013,1
Cambodia,KHM,2014,1
Cambodia,KHM,2015,1
Cambodia,KHM,2016,1
Cambodia,KHM,2017,0
Cambodia,KHM,2018,0
Cambodia,KHM,2019,0
Cambodia,KHM,2020,0
Cambodia,KHM,2021,0
Cambodia,KHM,2022,0
Cameroon,CMR,2006,0
Cameroon,CMR,2008,0
Cameroon,CMR,2010,0
Cameroon,CMR,2011,0
Cameroon,CMR,2012,0
Cameroon,CMR,2013,0
Cameroon,CMR,2014,0
Cameroon,CMR,2015,0
Cameroon,CMR,2016,0
Cameroon,CMR,2017,0
Cameroon,CMR,2018,0
Cameroon,CMR,2019,0
Cameroon,CMR,2020,0
Cameroon,CMR,2021,0
Cameroon,CMR,2022,0
Canada,CAN,2006,3
Canada,CAN,2008,3
Canada,CAN,2010,3
Canada,CAN,2011,3
Canada,CAN,2012,3
Canada,CAN,2013,3
Canada,CAN,2014,3
Canada,CAN,2015,3
Canada,CAN,2016,3
Canada,CAN,2017,3
Canada,CAN,2018,3
Canada,CAN,2019,3
Canada,CAN,2020,3
Canada,CAN,2021,3
Canada,CAN,2022,3
Cape Verde,CPV,2006,2
Cape Verde,CPV,2008,2
Cape Verde,CPV,2010,2
Cape Verde,CPV,2011,2
Cape Verde,CPV,2012,2
Cape Verde,CPV,2013,2
Cape Verde,CPV,2014,2
Cape Verde,CPV,2015,2
Cape Verde,CPV,2016,2
Cape Verde,CPV,2017,2
Cape Verde,CPV,2018,2
Cape Verde,CPV,2019,2
Cape Verde,CPV,2020,2
Cape Verde,CPV,2021,2
Cape Verde,CPV,2022,2
Central African Republic,CAF,2006,0
Central African Republic,CAF,2008,0
Central African Republic,CAF,2010,0
Central African Republic,CAF,2011,0
Central African Republic,CAF,2012,0
Central African Republic,CAF,2013,0
Central African Republic,CAF,2014,0
Central African Republic,CAF,2015,0
Central African Republic,CAF,2016,0
Central African Republic,CAF,2017,0
Central African Republic,CAF,2018,0
Central African Republic,CAF,2019,0
Central African Republic,CAF,2020,0
Central African Republic,CAF,2021,0
Central African Republic,CAF,2022,0
Chad,TCD,2006,0
Chad,TCD,2008,0
Chad,TCD,2010,0
Chad,TCD,2011,0
Chad,TCD,2012,0
Chad,TCD,2013,0
Chad,TCD,2014,0
Chad,TCD,2015,0
Chad,TCD,2016,0
Chad,TCD,2017,0
Chad,TCD,2018,0
Chad,TCD,2019,0
Chad,TCD,2020,0
Chad,TCD,2021,0
Chad,TCD,2022,0
Chile,CHL,2006,2
Chile,CHL,2008,2
Chile,CHL,2010,2
Chile,CHL,2011,2
Chile,CHL,2012,2
Chile,CHL,2013,2
Chile,CHL,2014,2
Chile,CHL,2015,2
Chile,CHL,2016,2
Chile,CHL,2017,2
Chile,CHL,2018,2
Chile,CHL,2019,3
Chile,CHL,2020,3
Chile,CHL,2021,2
Chile,CHL,2022,3
China,CHN,2006,0
China,CHN,2008,0
China,CHN,2010,0
China,CHN,2011,0
China,CHN,2012,0
China,CHN,2013,0
China,CHN,2014,0
China,CHN,2015,0
China,CHN,2016,0
China,CHN,2017,0
China,CHN,2018,0
China,CHN,2019,0
China,CHN,2020,0
China,CHN,2021,0
China,CHN,2022,0
Colombia,COL,2006,2
Colombia,COL,2008,2
Colombia,COL,2010,2
Colombia,COL,2011,2
Colombia,COL,2012,2
Colombia,COL,2013,2
Colombia,COL,2014,2
Colombia,COL,2015,2
Colombia,COL,2016,2
Colombia,COL,2017,2
Colombia,COL,2018,2
Colombia,COL,2019,2
Colombia,COL,2020,2
Colombia,COL,2021,2
Colombia,COL,2022,2
Comoros,COM,2006,0
Comoros,COM,2008,0
Comoros,COM,2010,0
Comoros,COM,2011,0
Comoros,COM,2012,0
Comoros,COM,2013,0
Comoros,COM,2014,0
Comoros,COM,2015,0
Comoros,COM,2016,0
Comoros,COM,2017,0
Comoros,COM,2018,0
Comoros,COM,2019,0
Comoros,COM,2020,0
Comoros,COM,2021,0
Comoros,COM,2022,0
Congo,COG,2006,0
Congo,COG,2008,0
Congo,COG,2010,0
Congo,COG,2011,0
Congo,COG,2012,0
Congo,COG,2013,0
Congo,COG,2014,0
Congo,COG,2015,0
Congo,COG,2016,0
Congo,COG,2017,0
Congo,COG,2018,0
Congo,COG,2019,0
Congo,COG,2020,0
Congo,COG,2021,0
Congo,COG,2022,0
Costa Rica,CRI,2006,3
Costa Rica,CRI,2008,3
Costa Rica,CRI,2010,3
Costa Rica,CRI,2011,3
Costa Rica,CRI,2012,3
Costa Rica,CRI,2013,3
Costa Rica,CRI,2014,3
Costa Rica,CRI,2015,2
Costa Rica,CRI,2016,2
Costa Rica,CRI,2017,2
Costa Rica,CRI,2018,3
Costa Rica,CRI,2019,3
Costa Rica,CRI,2020,3
Costa Rica,CRI,2021,3
Costa Rica,CRI,2022,3
Cote d'Ivoire,CIV,2006,0
Cote d'Ivoire,CIV,2008,0
Cote d'Ivoire,CIV,2010,0
Cote d'Ivoire,CIV,2011,0
Cote d'Ivoire,CIV,2012,0
Cote d'Ivoire,CIV,2013,0
Cote d'Ivoire,CIV,2014,0
Cote d'Ivoire,CIV,2015,0
Cote d'Ivoire,CIV,2016,0
Cote d'Ivoire,CIV,2017,0
Cote d'Ivoire,CIV,2018,1
Cote d'Ivoire,CIV,2019,1
Cote d'Ivoire,CIV,2020,1
Cote d'Ivoire,CIV,2021,1
Cote d'Ivoire,CIV,2022,1
Croatia,HRV,2006,2
Croatia,HRV,2008,2
Croatia,HRV,2010,2
Croatia,HRV,2011,2
Croatia,HRV,2012,2
Croatia,HRV,2013,2
Croatia,HRV,2014,2
Croatia,HRV,2015,2
Croatia,HRV,2016,2
Croatia,HRV,2017,2
Croatia,HRV,2018,2
Croatia,HRV,2019,2
Croatia,HRV,2020,2
Croatia,HRV,2021,2
Croatia,HRV,2022,2
Cuba,CUB,2006,0
Cuba,CUB,2008,0
Cuba,CUB,2010,0
Cuba,CUB,2011,0
Cuba,CUB,2012,0
Cuba,CUB,2013,0
Cuba,CUB,2014,0
Cuba,CUB,2015,0
Cuba,CUB,2016,0
Cuba,CUB,2017,0
Cuba,CUB,2018,0
Cuba,CUB,2019,0
Cuba,CUB,2020,0
Cuba,CUB,2021,0
Cuba,CUB,2022,0
Cyprus,CYP,2006,2
Cyprus,CYP,2008,2
Cyprus,CYP,2010,2
Cyprus,CYP,2011,2
Cyprus,CYP,2012,2
Cyprus,CYP,2013,2
Cyprus,CYP,2014,2
Cyprus,CYP,2015,2
Cyprus,CYP,2016,2
Cyprus,CYP,2017,2
Cyprus,CYP,2018,2
Cyprus,CYP,2019,2
Cyprus,CYP,2020,2
Cyprus,CYP,2021,2
Cyprus,CYP,2022,2
Czechia,CZE,2006,3
Czechia,CZE,2008,3
Czechia,CZE,2010,3
Czechia,CZE,2011,3
Czechia,CZE,2012,3
Czechia,CZE,2013,3
Czechia,CZE,2014,2
Czechia,CZE,2015,2
Czechia,CZE,2016,2
Czechia,CZE,2017,2
Czechia,CZE,2018,2
Czechia,CZE,2019,2
Czechia,CZE,2020,2
Czechia,CZE,2021,2
Czechia,CZE,2022,2
Democratic Republic of Congo,COD,2006,0
Democratic Republic of Congo,COD,2008,0
Democratic Republic of Congo,COD,2010,0
Democratic Republic of Congo,COD,2011,0
Democratic Republic of Congo,COD,2012,0
Democratic Republic of Congo,COD,2013,0
Democratic Republic of Congo,COD,2014,0
Democratic Republic of Congo,COD,2015,0
Democratic Republic of Congo,COD,2016,0
Democratic Republic of Congo,COD,2017,0
Democratic Republic of Congo,COD,2018,0
Democratic Republic of Congo,COD,2019,0
Democratic Republic of Congo,COD,2020,0
Democratic Republic of Congo,COD,2021,0
Democratic Republic of Congo,COD,2022,0
Denmark,DNK,2006,3
Denmark,DNK,2008,3
Denmark,DNK,2010,3
Denmark,DNK,2011,3
Denmark,DNK,2012,3
Denmark,DNK,2013,3
Denmark,DNK,2014,3
Denmark,DNK,2015,3
Denmark,DNK,2016,3
Denmark,DNK,2017,3
Denmark,DNK,2018,3
Denmark,DNK,2019,3
Denmark,DNK,2020,3
Denmark,DNK,2021,3
Denmark,DNK,2022,3
Djibouti,DJI,2006,0
Djibouti,DJI,2008,0
Djibouti,DJI,2010,0
Djibouti,DJI,2011,0
Djibouti,DJI,2012,0
Djibouti,DJI,2013,0
Djibouti,DJI,2014,0
Djibouti,DJI,2015,0
Djibouti,DJI,2016,0
Djibouti,DJI,2017,0
Djibouti,DJI,2018,0
Djibouti,DJI,2019,0
Djibouti,DJI,2020,0
Djibouti,DJI,2021,0
Djibouti,DJI,2022,0
Dominican Republic,DOM,2006,2
Dominican Republic,DOM,2008,2
Dominican Republic,DOM,2010,2
Dominican Republic,DOM,2011,2
Dominican Republic,DOM,2012,2
Dominican Republic,DOM,2013,2
Dominican Republic,DOM,2014,2
Dominican Republic,DOM,2015,2
Dominican Republic,DOM,2016,2
Dominican Republic,DOM,2017,2
Dominican Republic,DOM,2018,2
Dominican Republic,DOM,2019,2
Dominican Republic,DOM,2020,2
Dominican Republic,DOM,2021,2
Dominican Republic,DOM,2022,2
Ecuador,ECU,2006,1
Ecuador,ECU,2008,1
Ecuador,ECU,2010,1
Ecuador,ECU,2011,1
Ecuador,ECU,2012,1
Ecuador,ECU,2013,1
Ecuador,ECU,2014,1
Ecuador,ECU,2015,1
Ecuador,ECU,2016,1
Ecuador,ECU,2017,2
Ecuador,ECU,2018,2
Ecuador,ECU,2019,2
Ecuador,ECU,2020,2
Ecuador,ECU,2021,1
Ecuador,ECU,2022,1
Egypt,EGY,2006,0
Egypt,EGY,2008,0
Egypt,EGY,2010,0
Egypt,EGY,2011,0
Egypt,EGY,2012,1
Egypt,EGY,2013,0
Egypt,EGY,2014,0
Egypt,EGY,2015,0
Egypt,EGY,2016,0
Egypt,EGY,2017,0
Egypt,EGY,2018,0
Egypt,EGY,2019,0
Egypt,EGY,2020,0
Egypt,EGY,2021,0
Egypt,EGY,2022,0
El Salvador,SLV,2006,2
El Salvador,SLV,2008,2
El Salvador,SLV,2010,2
El Salvador,SLV,2011,2
El Salvador,SLV,2012,2
El Salvador,SLV,2013,2
El Salvador,SLV,2014,2
El Salvador,SLV,2015,2
El Salvador,SLV,2016,2
El Salvador,SLV,2017,2
El Salvador,SLV,2018,1
El Salvador,SLV,2019,2
El Salvador,SLV,2020,1
El Salvador,SLV,2021,1
El Salvador,SLV,2022,1
Equatorial Guinea,GNQ,2006,0
Equatorial Guinea,GNQ,2008,0
Equatorial Guinea,GNQ,2010,0
Equatorial Guinea,GNQ,2011,0
Equatorial Guinea,GNQ,2012,0
Equatorial Guinea,GNQ,2013,0
Equatorial Guinea,GNQ,2014,0
Equatorial Guinea,GNQ,2015,0
Equatorial Guinea,GNQ,2016,0
Equatorial Guinea,GNQ,2017,0
Equatorial Guinea,GNQ,2018,0
Equatorial Guinea,GNQ,2019,0
Equatorial Guinea,GNQ,2020,0
Equatorial Guinea,GNQ,2021,0
Equatorial Guinea,GNQ,2022,0
Eritrea,ERI,2006,0
Eritrea,ERI,2008,0
Eritrea,ERI,2010,0
Eritrea,ERI,2011,0
Eritrea,ERI,2012,0
Eritrea,ERI,2013,0
Eritrea,ERI,2014,0
Eritrea,ERI,2015,0
Eritrea,ERI,2016,0
Eritrea,ERI,2017,0
Eritrea,ERI,2018,0
Eritrea,ERI,2019,0
Eritrea,ERI,2020,0
Eritrea,ERI,2021,0
Eritrea,ERI,2022,0
Estonia,EST,2006,2
Estonia,EST,2008,2
Estonia,EST,2010,2
Estonia,EST,2011,2
Estonia,EST,2012,2
Estonia,EST,2013,2
Estonia,EST,2014,2
Estonia,EST,2015,2
Estonia,EST,2016,2
Estonia,EST,2017,2
Estonia,EST,2018,2
Estonia,EST,2019,2
Estonia,EST,2020,2
Estonia,EST,2021,2
Estonia,EST,2022,2
Eswatini,SWZ,2006,0
Eswatini,SWZ,2008,0
Eswatini,SWZ,2010,0
Eswatini,SWZ,2011,0
Eswatini,SWZ,2012,0
Eswatini,SWZ,2013,0
Eswatini,SWZ,2014,0
Eswatini,SWZ,2015,0
Eswatini,SWZ,2016,0
Eswatini,SWZ,2017,0
Eswatini,SWZ,2018,0
Eswatini,SWZ,2019,0
Eswatini,SWZ,2020,0
Eswatini,SWZ,2021,0
Eswatini,SWZ,2022,0
Ethiopia,ETH,2006,1
Ethiopia,ETH,2008,1
Ethiopia,ETH,2010,0
Ethiopia,ETH,2011,0
Ethiopia,ETH,2012,0
Ethiopia,ETH,2013,0
Ethiopia,ETH,2014,0
Ethiopia,ETH,2015,0
Ethiopia,ETH,2016,0
Ethiopia,ETH,2017,0
Ethiopia,ETH,2018,0
Ethiopia,ETH,2019,0
Ethiopia,ETH,2020,0
Ethiopia,ETH,2021,0
Ethiopia,ETH,2022,0
Fiji,FJI,2006,1
Fiji,FJI,2008,1
Fiji,FJI,2010,0
Fiji,FJI,2011,0
Fiji,FJI,2012,0
Fiji,FJI,2013,0
Fiji,FJI,2014,1
Fiji,FJI,2015,1
Fiji,FJI,2016,1
Fiji,FJI,2017,1
Fiji,FJI,2018,1
Fiji,FJI,2019,1
Fiji,FJI,2020,1
Fiji,FJI,2021,1
Fiji,FJI,2022,1
Finland,FIN,2006,3
Finland,FIN,2008,3
Finland,FIN,2010,3
Finland,FIN,2011,3
Finland,FIN,2012,3
Finland,FIN,2013,3
Finland,FIN,2014,3
Finland,FIN,2015,3
Finland,FIN,2016,3
Finland,FIN,2017,3
Finland,FIN,2018,3
Finland,FIN,2019,3
Finland,FIN,2020,3
Finland,FIN,2021,3
Finland,FIN,2022,3
France,FRA,2006,3
France,FRA,2008,3
France,FRA,2010,2
France,FRA,2011,2
France,FRA,2012,2
France,FRA,2013,2
France,FRA,2014,3
France,FRA,2015,2
France,FRA,2016,2
France,FRA,2017,2
France,FRA,2018,2
France,FRA,2019,3
France,FRA,2020,2
France,FRA,2021,2
France,FRA,2022,3
Gabon,GAB,2006,0
Gabon,GAB,2008,0
Gabon,GAB,2010,0
Gabon,GAB,2011,0
Gabon,GAB,2012,0
Gabon,GAB,2013,0
Gabon,GAB,2014,0
Gabon,GAB,2015,0
Gabon,GAB,2016,0
Gabon,GAB,2017,0
Gabon,GAB,2018,0
Gabon,GAB,2019,0
Gabon,GAB,2020,0
Gabon,GAB,2021,0
Gabon,GAB,2022,0
Gambia,GMB,2006,1
Gambia,GMB,2008,1
Gambia,GMB,2010,0
Gambia,GMB,2011,0
Gambia,GMB,2012,0
Gambia,GMB,2013,0
Gambia,GMB,2014,0
Gambia,GMB,2015,0
Gambia,GMB,2016,0
Gambia,GMB,2017,1
Gambia,GMB,2018,1
Gambia,GMB,2019,1
Gambia,GMB,2020,1
Gambia,GMB,2021,1
Gambia,GMB,2022,1
Georgia,GEO,2006,1
Georgia,GEO,2008,1
Georgia,GEO,2010,1
Georgia,GEO,2011,1
Georgia,GEO,2012,1
Georgia,GEO,2013,1
Georgia,GEO,2014,1
Georgia,GEO,2015,1
Georgia,GEO,2016,1
Georgia,GEO,2017,1
Georgia,GEO,2018,1
Georgia,GEO,2019,1
Georgia,GEO,2020,1
Georgia,GEO,2021,1
Georgia,GEO,2022,1
Germany,DEU,2006,3
Germany,DEU,2008,3
Germany,DEU,2010,3
Germany,DEU,2011,3
Germany,DEU,2012,3
Germany,DEU,2013,3
Germany,DEU,2014,3
Germany,DEU,2015,3
Germany,DEU,2016,3
Germany,DEU,2017,3
Germany,DEU,2018,3
Germany,DEU,2019,3
Germany,DEU,2020,3
Germany,DEU,2021,3
Germany,DEU,2022,3
Ghana,GHA,2006,1
Ghana,GHA,2008,1
Ghana,GHA,2010,2
Ghana,GHA,2011,2
Ghana,GHA,2012,2
Ghana,GHA,2013,2
Ghana,GHA,2014,2
Ghana,GHA,2015,2
Ghana,GHA,2016,2
Ghana,GHA,2017,2
Ghana,GHA,2018,2
Ghana,GHA,2019,2
Ghana,GHA,2020,2
Ghana,GHA,2021,2
Ghana,GHA,2022,2
Greece,GRC,2006,3
Greece,GRC,2008,3
Greece,GRC,2010,2
Greece,GRC,2011,2
Greece,GRC,2012,2
Greece,GRC,2013,2
Greece,GRC,2014,2
Greece,GRC,2015,2
Greece,GRC,2016,2
Greece,GRC,2017,2
Greece,GRC,2018,2
Greece,GRC,2019,2
Greece,GRC,2020,2
Greece,GRC,2021,2
Greece,GRC,2022,2
Guatemala,GTM,2006,2
Guatemala,GTM,2008,2
Guatemala,GTM,2010,2
Guatemala,GTM,2011,1
Guatemala,GTM,2012,1
Guatemala,GTM,2013,1
Guatemala,GTM,2014,1
Guatemala,GTM,2015,1
Guatemala,GTM,2016,1
Guatemala,GTM,2017,1
Guatemala,GTM,2018,1
Guatemala,GTM,2019,1
Guatemala,GTM,2020,1
Guatemala,GTM,2021,1
Guatemala,GTM,2022,1
Guinea,GIN,2006,0
Guinea,GIN,2008,0
Guinea,GIN,2010,0
Guinea,GIN,2011,0
Guinea,GIN,2012,0
Guinea,GIN,2013,0
Guinea,GIN,2014,0
Guinea,GIN,2015,0
Guinea,GIN,2016,0
Guinea,GIN,2017,0
Guinea,GIN,2018,0
Guinea,GIN,2019,0
Guinea,GIN,2020,0
Guinea,GIN,2021,0
Guinea,GIN,2022,0
Guinea-Bissau,GNB,2006,0
Guinea-Bissau,GNB,2008,0
Guinea-Bissau,GNB,2010,0
Guinea-Bissau,GNB,2011,0
Guinea-Bissau,GNB,2012,0
Guinea-Bissau,GNB,2013,0
Guinea-Bissau,GNB,2014,0
Guinea-Bissau,GNB,2015,0
Guinea-Bissau,GNB,2016,0
Guinea-Bissau,GNB,2017,0
Guinea-Bissau,GNB,2018,0
Guinea-Bissau,GNB,2019,0
Guinea-Bissau,GNB,2020,0
Guinea-Bissau,GNB,2021,0
Guinea-Bissau,GNB,2022,0
Guyana,GUY,2006,2
Guyana,GUY,2008,2
Guyana,GUY,2010,2
Guyana,GUY,2011,2
Guyana,GUY,2012,2
Guyana,GUY,2013,2
Guyana,GUY,2014,1
Guyana,GUY,2015,2
Guyana,GUY,2016,2
Guyana,GUY,2017,2
Guyana,GUY,2018,2
Guyana,GUY,2019,2
Guyana,GUY,2020,2
Guyana,GUY,2021,2
Guyana,GUY,2022,2
Haiti,HTI,2006,1
Haiti,HTI,2008,1
Haiti,HTI,2010,0
Haiti,HTI,2011,0
Haiti,HTI,2012,0
Haiti,HTI,2013,0
Haiti,HTI,2014,0
Haiti,HTI,2015,0
Haiti,HTI,2016,1
Haiti,HTI,2017,1
Haiti,HTI,2018,1
Haiti,HTI,2019,1
Haiti,HTI,2020,1
Haiti,HTI,2021,0
Haiti,HTI,2022,0
Honduras,HND,2006,2
Honduras,HND,2008,2
Honduras,HND,2010,1
Honduras,HND,2011,1
Honduras,HND,2012,1
Honduras,HND,2013,1
Honduras,HND,2014,1
Honduras,HND,2015,1
Honduras,HND,2016,1
Honduras,HND,2017,1
Honduras,HND,2018,1
Honduras,HND,2019,1
Honduras,HND,2020,1
Honduras,HND,2021,1
Honduras,HND,2022,1
Hong Kong,HKG,2006,2
Hong Kong,HKG,2008,1
Hong Kong,HKG,2010,1
Hong Kong,HKG,2011,1
Hong Kong,HKG,2012,2
Hong Kong,HKG,2013,2
Hong Kong,HKG,2014,2
Hong Kong,HKG,2015,2
Hong Kong,HKG,2016,2
Hong Kong,HKG,2017,2
Hong Kong,HKG,2018,2
Hong Kong,HKG,2019,2
Hong Kong,HKG,2020,1
Hong Kong,HKG,2021,1
Hong Kong,HKG,2022,1
Hungary,HUN,2006,2
Hungary,HUN,2008,2
Hungary,HUN,2010,2
Hungary,HUN,2011,2
Hungary,HUN,2012,2
Hungary,HUN,2013,2
Hungary,HUN,2014,2
Hungary,HUN,2015,2
Hungary,HUN,2016,2
Hungary,HUN,2017,2
Hungary,HUN,2018,2
Hungary,HUN,2019,2
Hungary,HUN,2020,2
Hungary,HUN,2021,2
Hungary,HUN,2022,2
Iceland,ISL,2006,3
Iceland,ISL,2008,3
Iceland,ISL,2010,3
Iceland,ISL,2011,3
Iceland,ISL,2012,3
Iceland,ISL,2013,3
Iceland,ISL,2014,3
Iceland,ISL,2015,3
Iceland,ISL,2016,3
Iceland,ISL,2017,3
Iceland,ISL,2018,3
Iceland,ISL,2019,3
Iceland,ISL,2020,3
Iceland,ISL,2021,3
Iceland,ISL,2022,3
India,IND,2006,2
India,IND,2008,2
India,IND,2010,2
India,IND,2011,2
India,IND,2012,2
India,IND,2013,2
India,IND,2014,2
India,IND,2015,2
India,IND,2016,2
India,IND,2017,2
India,IND,2018,2
India,IND,2019,2
India,IND,2020,2
India,IND,2021,2
India,IND,2022,2
Indonesia,IDN,2006,2
Indonesia,IDN,2008,2
Indonesia,IDN,2010,2
Indonesia,IDN,2011,2
Indonesia,IDN,2012,2
Indonesia,IDN,2013,2
Indonesia,IDN,2014,2
Indonesia,IDN,2015,2
Indonesia,IDN,2016,2
Indonesia,IDN,2017,2
Indonesia,IDN,2018,2
Indonesia,IDN,2019,2
Indonesia,IDN,2020,2
Indonesia,IDN,2021,2
Indonesia,IDN,2022,2
Iran,IRN,2006,0
Iran,IRN,2008,0
Iran,IRN,2010,0
Iran,IRN,2011,0
Iran,IRN,2012,0
Iran,IRN,2013,0
Iran,IRN,2014,0
Iran,IRN,2015,0
Iran,IRN,2016,0
Iran,IRN,2017,0
Iran,IRN,2018,0
Iran,IRN,2019,0
Iran,IRN,2020,0
Iran,IRN,2021,0
Iran,IRN,2022,0
Iraq,IRQ,2006,1
Iraq,IRQ,2008,0
Iraq,IRQ,2010,0
Iraq,IRQ,2011,1
Iraq,IRQ,2012,1
Iraq,IRQ,2013,1
Iraq,IRQ,2014,1
Iraq,IRQ,2015,1
Iraq,IRQ,2016,1
Iraq,IRQ,2017,1
Iraq,IRQ,2018,1
Iraq,IRQ,2019,0
Iraq,IRQ,2020,0
Iraq,IRQ,2021,0
Iraq,IRQ,2022,0
Ireland,IRL,2006,3
Ireland,IRL,2008,3
Ireland,IRL,2010,3
Ireland,IRL,2011,3
Ireland,IRL,2012,3
Ireland,IRL,2013,3
Ireland,IRL,2014,3
Ireland,IRL,2015,3
Ireland,IRL,2016,3
Ireland,IRL,2017,3
Ireland,IRL,2018,3
Ireland,IRL,2019,3
Ireland,IRL,2020,3
Ireland,IRL,2021,3
Ireland,IRL,2022,3
Israel,ISR,2006,2
Israel,ISR,2008,2
Israel,ISR,2010,2
Israel,ISR,2011,2
Israel,ISR,2012,2
Israel,ISR,2013,2
Israel,ISR,2014,2
Israel,ISR,2015,2
Israel,ISR,2016,2
Israel,ISR,2017,2
Israel,ISR,2018,2
Israel,ISR,2019,2
Israel,ISR,2020,2
Israel,ISR,2021,2
Israel,ISR,2022,2
Italy,ITA,2006,2
Italy,ITA,2008,2
Italy,ITA,2010,2
Italy,ITA,2011,2
Italy,ITA,2012,2
Italy,ITA,2013,2
Italy,ITA,2014,2
Italy,ITA,2015,2
Italy,ITA,2016,2
Italy,ITA,2017,2
Italy,ITA,2018,2
Italy,ITA,2019,2
Italy,ITA,2020,2
Italy,ITA,2021,2
Italy,ITA,2022,2
Jamaica,JAM,2006,2
Jamaica,JAM,2008,2
Jamaica,JAM,2010,2
Jamaica,JAM,2011,2
Jamaica,JAM,2012,2
Jamaica,JAM,2013,2
Jamaica,JAM,2014,2
Jamaica,JAM,2015,2
Jamaica,JAM,2016,2
Jamaica,JAM,2017,2
Jamaica,JAM,2018,2
Jamaica,JAM,2019,2
Jamaica,JAM,2020,2
Jamaica,JAM,2021,2
Jamaica,JAM,2022,2
Japan,JPN,2006,3
Japan,JPN,2008,3
Japan,JPN,2010,3
Japan,JPN,2011,3
Japan,JPN,2012,3
Japan,JPN,2013,3
Japan,JPN,2014,3
Japan,JPN,2015,2
Japan,JPN,2016,2
Japan,JPN,2017,2
Japan,JPN,2018,2
Japan,JPN,2019,2
Japan,JPN,2020,3
Japan,JPN,2021,3
Japan,JPN,2022,3
Jordan,JOR,2006,0
Jordan,JOR,2008,0
Jordan,JOR,2010,0
Jordan,JOR,2011,0
Jordan,JOR,2012,0
Jordan,JOR,2013,0
Jordan,JOR,2014,0
Jordan,JOR,2015,0
Jordan,JOR,2016,0
Jordan,JOR,2017,0
Jordan,JOR,2018,0
Jordan,JOR,2019,0
Jordan,JOR,2020,0
Jordan,JOR,2021,0
Jordan,JOR,2022,0
Kazakhstan,KAZ,2006,0
Kazakhstan,KAZ,2008,0
Kazakhstan,KAZ,2010,0
Kazakhstan,KAZ,2011,0
Kazakhstan,KAZ,2012,0
Kazakhstan,KAZ,2013,0
Kazakhstan,KAZ,2014,0
Kazakhstan,KAZ,2015,0
Kazakhstan,KAZ,2016,0
Kazakhstan,KAZ,2017,0
Kazakhstan,KAZ,2018,0
Kazakhstan,KAZ,2019,0
Kazakhstan,KAZ,2020,0
Kazakhstan,KAZ,2021,0
Kazakhstan,KAZ,2022,0
Kenya,KEN,2006,1
Kenya,KEN,2008,1
Kenya,KEN,2010,1
Kenya,KEN,2011,1
Kenya,KEN,2012,1
Kenya,KEN,2013,1
Kenya,KEN,2014,1
Kenya,KEN,2015,1
Kenya,KEN,2016,1
Kenya,KEN,2017,1
Kenya,KEN,2018,1
Kenya,KEN,2019,1
Kenya,KEN,2020,1
Kenya,KEN,2021,1
Kenya,KEN,2022,1
Kuwait,KWT,2006,0
Kuwait,KWT,2008,0
Kuwait,KWT,2010,0
Kuwait,KWT,2011,0
Kuwait,KWT,2012,0
Kuwait,KWT,2013,0
Kuwait,KWT,2014,0
Kuwait,KWT,2015,0
Kuwait,KWT,2016,0
Kuwait,KWT,2017,0
Kuwait,KWT,2018,0
Kuwait,KWT,2019,0
Kuwait,KWT,2020,0
Kuwait,KWT,2021,0
Kuwait,KWT,2022,0
Kyrgyzstan,KGZ,2006,1
Kyrgyzstan,KGZ,2008,1
Kyrgyzstan,KGZ,2010,1
Kyrgyzstan,KGZ,2011,1
Kyrgyzstan,KGZ,2012,1
Kyrgyzstan,KGZ,2013,1
Kyrgyzstan,KGZ,2014,1
Kyrgyzstan,KGZ,2015,1
Kyrgyzstan,KGZ,2016,1
Kyrgyzstan,KGZ,2017,1
Kyrgyzstan,KGZ,2018,1
Kyrgyzstan,KGZ,2019,1
Kyrgyzstan,KGZ,2020,1
Kyrgyzstan,KGZ,2021,0
Kyrgyzstan,KGZ,2022,0
Laos,LAO,2006,0
Laos,LAO,2008,0
Laos,LAO,2010,0
Laos,LAO,2011,0
Laos,LAO,2012,0
Laos,LAO,2013,0
Laos,LAO,2014,0
Laos,LAO,2015,0
Laos,LAO,2016,0
Laos,LAO,2017,0
Laos,LAO,2018,0
Laos,LAO,2019,0
Laos,LAO,2020,0
Laos,LAO,2021,0
Laos,LAO,2022,0
Latvia,LVA,2006,2
Latvia,LVA,2008,2
Latvia,LVA,2010,2
Latvia,LVA,2011,2
Latvia,LVA,2012,2
Latvia,LVA,2013,2
Latvia,LVA,2014,2
Latvia,LVA,2015,2
Latvia,LVA,2016,2
Latvia,LVA,2017,2
Latvia,LVA,2018,2
Latvia,LVA,2019,2
Latvia,LVA,2020,2
Latvia,LVA,2021,2
Latvia,LVA,2022,2
Lebanon,LBN,2006,1
Lebanon,LBN,2008,1
Lebanon,LBN,2010,1
Lebanon,LBN,2011,1
Lebanon,LBN,2012,1
Lebanon,LBN,2013,1
Lebanon,LBN,2014,1
Lebanon,LBN,2015,1
Lebanon,LBN,2016,1
Lebanon,LBN,2017,1
Lebanon,LBN,2018,1
Lebanon,LBN,2019,1
Lebanon,LBN,2020,1
Lebanon,LBN,2021,0
Lebanon,LBN,2022,0
Lesotho,LSO,2006,2
Lesotho,LSO,2008,2
Lesotho,LSO,2010,2
Lesotho,LSO,2011,2
Lesotho,LSO,2012,2
Lesotho,LSO,2013,2
Lesotho,LSO,2014,2
Lesotho,LSO,2015,2
Lesotho,LSO,2016,2
Lesotho,LSO,2017,2
Lesotho,LSO,2018,2
Lesotho,LSO,2019,2
Lesotho,LSO,2020,2
Lesotho,LSO,2021,2
Lesotho,LSO,2022,2
Liberia,LBR,2006,1
Liberia,LBR,2008,1
Liberia,LBR,2010,1
Liberia,LBR,2011,1
Liberia,LBR,2012,1
Liberia,LBR,2013,1
Liberia,LBR,2014,1
Liberia,LBR,2015,1
Liberia,LBR,2016,1
Liberia,LBR,2017,1
Liberia,LBR,2018,1
Liberia,LBR,2019,1
Liberia,LBR,2020,1
Liberia,LBR,2021,1
Liberia,LBR,2022,1
Libya,LBY,2006,0
Libya,LBY,2008,0
Libya,LBY,2010,0
Libya,LBY,2011,0
Libya,LBY,2012,1
Libya,LBY,2013,1
Libya,LBY,2014,0
Libya,LBY,2015,0
Libya,LBY,2016,0
Libya,LBY,2017,0
Libya,LBY,2018,0
Libya,LBY,2019,0
Libya,LBY,2020,0
Libya,LBY,2021,0
Libya,LBY,2022,0
Lithuania,LTU,2006,2
Lithuania,LTU,2008,2
Lithuania,LTU,2010,2
Lithuania,LTU,2011,2
Lithuania,LTU,2012,2
Lithuania,LTU,2013,2
Lithuania,LTU,2014,2
Lithuania,LTU,2015,2
Lithuania,LTU,2016,2
Lithuania,LTU,2017,2
Lithuania,LTU,2018,2
Lithuania,LTU,2019,2
Lithuania,LTU,2020,2
Lithuania,LTU,2021,2
Lithuania,LTU,2022,2
Luxembourg,LUX,2006,3
Luxembourg,LUX,2008,3
Luxembourg,LUX,2010,3
Luxembourg,LUX,2011,3
Luxembourg,LUX,2012,3
Luxembourg,LUX,2013,3
Luxembourg,LUX,2014,3
Luxembourg,LUX,2015,3
Luxembourg,LUX,2016,3
Luxembourg,LUX,2017,3
Luxembourg,LUX,2018,3
Luxembourg,LUX,2019,3
Luxembourg,LUX,2020,3
Luxembourg,LUX,2021,3
Luxembourg,LUX,2022,3
Madagascar,MDG,2006,1
Madagascar,MDG,2008,1
Madagascar,MDG,2010,0
Madagascar,MDG,2011,0
Madagascar,MDG,2012,0
Madagascar,MDG,2013,1
Madagascar,MDG,2014,1
Madagascar,MDG,2015,1
Madagascar,MDG,2016,1
Madagascar,MDG,2017,1
Madagascar,MDG,2018,1
Madagascar,MDG,2019,1
Madagascar,MDG,2020,1
Madagascar,MDG,2021,1
Madagascar,MDG,2022,1
Malawi,MWI,2006,1
Malawi,MWI,2008,1
Malawi,MWI,2010,1
Malawi,MWI,2011,1
Malawi,MWI,2012,2
Malawi,MWI,2013,1
Malawi,MWI,2014,1
Malawi,MWI,2015,1
Malawi,MWI,2016,1
Malawi,MWI,2017,1
Malawi,MWI,2018,1
Malawi,MWI,2019,1
Malawi,MWI,2020,1
Malawi,MWI,2021,1
Malawi,MWI,2022,1
Malaysia,MYS,2006,1
Malaysia,MYS,2008,2
Malaysia,MYS,2010,2
Malaysia,MYS,2011,2
Malaysia,MYS,2012,2
Malaysia,MYS,2013,2
Malaysia,MYS,2014,2
Malaysia,MYS,2015,2
Malaysia,MYS,2016,2
Malaysia,MYS,2017,2
Malaysia,MYS,2018,2
Malaysia,MYS,2019,2
Malaysia,MYS,2020,2
Malaysia,MYS,2021,2
Malaysia,MYS,2022,2
Mali,MLI,2006,1
Mali,MLI,2008,1
Mali,MLI,2010,2
Mali,MLI,2011,2
Mali,MLI,2012,1
Mali,MLI,2013,1
Mali,MLI,2014,1
Mali,MLI,2015,1
Mali,MLI,2016,1
Mali,MLI,2017,1
Mali,MLI,2018,1
Mali,MLI,2019,1
Mali,MLI,2020,0
Mali,MLI,2021,0
Mali,MLI,2022,0
Malta,MLT,2006,3
Malta,MLT,2008,3
Malta,MLT,2010,3
Malta,MLT,2011,3
Malta,MLT,2012,3
Malta,MLT,2013,3
Malta,MLT,2014,3
Malta,MLT,2015,3
Malta,MLT,2016,3
Malta,MLT,2017,3
Malta,MLT,2018,3
Malta,MLT,2019,2
Malta,MLT,2020,2
Malta,MLT,2021,2
Malta,MLT,2022,2
Mauritania,MRT,2006,0
Mauritania,MRT,2008,0
Mauritania,MRT,2010,0
Mauritania,MRT,2011,1
Mauritania,MRT,2012,1
Mauritania,MRT,2013,1
Mauritania,MRT,2014,1
Mauritania,MRT,2015,0
Mauritania,MRT,2016,0
Mauritania,MRT,2017,0
Mauritania,MRT,2018,0
Mauritania,MRT,2019,0
Mauritania,MRT,2020,0
Mauritania,MRT,2021,1
Mauritania,MRT,2022,1
Mauritius,MUS,2006,3
Mauritius,MUS,2008,3
Mauritius,MUS,2010,3
Mauritius,MUS,2011,3
Mauritius,MUS,2012,3
Mauritius,MUS,2013,3
Mauritius,MUS,2014,3
Mauritius,MUS,2015,3
Mauritius,MUS,2016,3
Mauritius,MUS,2017,3
Mauritius,MUS,2018,3
Mauritius,MUS,2019,3
Mauritius,MUS,2020,3
Mauritius,MUS,2021,3
Mauritius,MUS,2022,3
Mexico,MEX,2006,2
Mexico,MEX,2008,2
Mexico,MEX,2010,2
Mexico,MEX,2011,2
Mexico,MEX,2012,2
Mexico,MEX,2013,2
Mexico,MEX,2014,2
Mexico,MEX,2015,2
Mexico,MEX,2016,2
Mexico,MEX,2017,2
Mexico,MEX,2018,2
Mexico,MEX,2019,2
Mexico,MEX,2020,2
Mexico,MEX,2021,1
Mexico,MEX,2022,1
Moldova,MDA,2006,2
Moldova,MDA,2008,2
Moldova,MDA,2010,2
Moldova,MDA,2011,2
Moldova,MDA,2012,2
Moldova,MDA,2013,2
Moldova,MDA,2014,2
Moldova,MDA,2015,2
Moldova,MDA,2016,2
Moldova,MDA,2017,1
Moldova,MDA,2018,1
Moldova,MDA,2019,1
Moldova,MDA,2020,1
Moldova,MDA,2021,2
Moldova,MDA,2022,2
Mongolia,MNG,2006,2
Mongolia,MNG,2008,2
Mongolia,MNG,2010,2
Mongolia,MNG,2011,2
Mongolia,MNG,2012,2
Mongolia,MNG,2013,2
Mongolia,MNG,2014,2
Mongolia,MNG,2015,2
Mongolia,MNG,2016,2
Mongolia,MNG,2017,2
Mongolia,MNG,2018,2
Mongolia,MNG,2019,2
Mongolia,MNG,2020,2
Mongolia,MNG,2021,2
Mongolia,MNG,2022,2
Montenegro,MNE,2006,2
Montenegro,MNE,2008,2
Montenegro,MNE,2010,2
Montenegro,MNE,2011,2
Montenegro,MNE,2012,2
Montenegro,MNE,2013,1
Montenegro,MNE,2014,1
Montenegro,MNE,2015,2
Montenegro,MNE,2016,1
Montenegro,MNE,2017,1
Montenegro,MNE,2018,1
Montenegro,MNE,2019,1
Montenegro,MNE,2020,1
Montenegro,MNE,2021,2
Montenegro,MNE,2022,2
Morocco,MAR,2006,0
Morocco,MAR,2008,0
Morocco,MAR,2010,0
Morocco,MAR,2011,0
Morocco,MAR,2012,1
Morocco,MAR,2013,1
Morocco,MAR,2014,0
Morocco,MAR,2015,1
Morocco,MAR,2016,1
Morocco,MAR,2017,1
Morocco,MAR,2018,1
Morocco,MAR,2019,1
Morocco,MAR,2020,1
Morocco,MAR,2021,1
Morocco,MAR,2022,1
Mozambique,MOZ,2006,1
Mozambique,MOZ,2008,1
Mozambique,MOZ,2010,1
Mozambique,MOZ,2011,1
Mozambique,MOZ,2012,1
Mozambique,MOZ,2013,1
Mozambique,MOZ,2014,1
Mozambique,MOZ,2015,1
Mozambique,MOZ,2016,1
Mozambique,MOZ,2017,1
Mozambique,MOZ,2018,0
Mozambique,MOZ,2019,0
Mozambique,MOZ,2020,0
Mozambique,MOZ,2021,0
Mozambique,MOZ,2022,0
Myanmar,MMR,2006,0
Myanmar,MMR,2008,0
Myanmar,MMR,2010,0
Myanmar,MMR,2011,0
Myanmar,MMR,2012,0
Myanmar,MMR,2013,0
Myanmar,MMR,2014,0
Myanmar,MMR,2015,1
Myanmar,MMR,2016,1
Myanmar,MMR,2017,0
Myanmar,MMR,2018,0
Myanmar,MMR,2019,0
Myanmar,MMR,2020,0
Myanmar,MMR,2021,0
Myanmar,MMR,2022,0
Namibia,NAM,2006,2
Namibia,NAM,2008,2
Namibia,NAM,2010,2
Namibia,NAM,2011,2
Namibia,NAM,2012,2
Namibia,NAM,2013,2
Namibia,NAM,2014,2
Namibia,NAM,2015,2
Namibia,NAM,2016,2
Namibia,NAM,2017,2
Namibia,NAM,2018,2
Namibia,NAM,2019,2
Namibia,NAM,2020,2
Namibia,NAM,2021,2
Namibia,NAM,2022,2
Nepal,NPL,2006,0
Nepal,NPL,2008,1
Nepal,NPL,2010,1
Nepal,NPL,2011,1
Nepal,NPL,2012,1
Nepal,NPL,2013,1
Nepal,NPL,2014,1
Nepal,NPL,2015,1
Nepal,NPL,2016,1
Nepal,NPL,2017,1
Nepal,NPL,2018,1
Nepal,NPL,2019,1
Nepal,NPL,2020,1
Nepal,NPL,2021,1
Nepal,NPL,2022,1
Netherlands,NLD,2006,3
Netherlands,NLD,2008,3
Netherlands,NLD,2010,3
Netherlands,NLD,2011,3
Netherlands,NLD,2012,3
Netherlands,NLD,2013,3
Netherlands,NLD,2014,3
Netherlands,NLD,2015,3
Netherlands,NLD,2016,3
Netherlands,NLD,2017,3
Netherlands,NLD,2018,3
Netherlands,NLD,2019,3
Netherlands,NLD,2020,3
Netherlands,NLD,2021,3
Netherlands,NLD,2022,3
New Zealand,NZL,2006,3
New Zealand,NZL,2008,3
New Zealand,NZL,2010,3
New Zealand,NZL,2011,3
New Zealand,NZL,2012,3
New Zealand,NZL,2013,3
New Zealand,NZL,2014,3
New Zealand,NZL,2015,3
New Zealand,NZL,2016,3
New Zealand,NZL,2017,3
New Zealand,NZL,2018,3
New Zealand,NZL,2019,3
New Zealand,NZL,2020,3
New Zealand,NZL,2021,3
New Zealand,NZL,2022,3
Nicaragua,NIC,2006,1
Nicaragua,NIC,2008,2
Nicaragua,NIC,2010,1
Nicaragua,NIC,2011,1
Nicaragua,NIC,2012,1
Nicaragua,NIC,2013,1
Nicaragua,NIC,2014,1
Nicaragua,NIC,2015,1
Nicaragua,NIC,2016,1
Nicaragua,NIC,2017,1
Nicaragua,NIC,2018,0
Nicaragua,NIC,2019,0
Nicaragua,NIC,2020,0
Nicaragua,NIC,2021,0
Nicaragua,NIC,2022,0
Niger,NER,2006,0
Niger,NER,2008,0
Niger,NER,2010,0
Niger,NER,2011,1
Niger,NER,2012,1
Niger,NER,2013,1
Niger,NER,2014,1
Niger,NER,2015,0
Niger,NER,2016,0
Niger,NER,2017,0
Niger,NER,2018,0
Niger,NER,2019,0
Niger,NER,2020,0
Niger,NER,2021,0
Niger,NER,2022,0
Nigeria,NGA,2006,0
Nigeria,NGA,2008,0
Nigeria,NGA,2010,0
Nigeria,NGA,2011,0
Nigeria,NGA,2012,0
Nigeria,NGA,2013,0
Nigeria,NGA,2014,0
Nigeria,NGA,2015,1
Nigeria,NGA,2016,1
Nigeria,NGA,2017,1
Nigeria,NGA,2018,1
Nigeria,NGA,2019,1
Nigeria,NGA,2020,1
Nigeria,NGA,2021,1
Nigeria,NGA,2022,1
North Korea,PRK,2006,0
North Korea,PRK,2008,0
North Korea,PRK,2010,0
North Korea,PRK,2011,0
North Korea,PRK,2012,0
North Korea,PRK,2013,0
North Korea,PRK,2014,0
North Korea,PRK,2015,0
North Korea,PRK,2016,0
North Korea,PRK,2017,0
North Korea,PRK,2018,0
North Korea,PRK,2019,0
North Korea,PRK,2020,0
North Korea,PRK,2021,0
North Korea,PRK,2022,0
North Macedonia,MKD,2006,2
North Macedonia,MKD,2008,2
North Macedonia,MKD,2010,2
North Macedonia,MKD,2011,2
North Macedonia,MKD,2012,2
North Macedonia,MKD,2013,2
North Macedonia,MKD,2014,2
North Macedonia,MKD,2015,2
North Macedonia,MKD,2016,1
North Macedonia,MKD,2017,1
North Macedonia,MKD,2018,1
North Macedonia,MKD,2019,1
North Macedonia,MKD,2020,1
North Macedonia,MKD,2021,2
North Macedonia,MKD,2022,2
Norway,NOR,2006,3
Norway,NOR,2008,3
Norway,NOR,2010,3
Norway,NOR,2011,3
Norway,NOR,2012,3
Norway,NOR,2013,3
Norway,NOR,2014,3
Norway,NOR,2015,3
Norway,NOR,2016,3
Norway,NOR,2017,3
Norway,NOR,2018,3
Norway,NOR,2019,3
Norway,NOR,2020,3
Norway,NOR,2021,3
Norway,NOR,2022,3
Oman,OMN,2006,0
Oman,OMN,2008,0
Oman,OMN,2010,0
Oman,OMN,2011,0
Oman,OMN,2012,0
Oman,OMN,2013,0
Oman,OMN,2014,0
Oman,OMN,2015,0
Oman,OMN,2016,0
Oman,OMN,2017,0
Oman,OMN,2018,0
Oman,OMN,2019,0
Oman,OMN,2020,0
Oman,OMN,2021,0
Oman,OMN,2022,0
Pakistan,PAK,2006,0
Pakistan,PAK,2008,1
Pakistan,PAK,2010,1
Pakistan,PAK,2011,1
Pakistan,PAK,2012,1
Pakistan,PAK,2013,1
Pakistan,PAK,2014,1
Pakistan,PAK,2015,1
Pakistan,PAK,2016,1
Pakistan,PAK,2017,1
Pakistan,PAK,2018,1
Pakistan,PAK,2019,1
Pakistan,PAK,2020,1
Pakistan,PAK,2021,1
Pakistan,PAK,2022,1
Palestine,PSE,2006,2
Palestine,PSE,2008,1
Palestine,PSE,2010,1
Palestine,PSE,2011,1
Palestine,PSE,2012,1
Palestine,PSE,2013,1
Palestine,PSE,2014,1
Palestine,PSE,2015,1
Palestine,PSE,2016,1
Palestine,PSE,2017,1
Palestine,PSE,2018,1
Palestine,PSE,2019,0
Palestine,PSE,2020,0
Palestine,PSE,2021,0
Palestine,PSE,2022,0
Panama,PAN,2006,2
Panama,PAN,2008,2
Panama,PAN,2010,2
Panama,PAN,2011,2
Panama,PAN,2012,2
Panama,PAN,2013,2
Panama,PAN,2014,2
Panama,PAN,2015,2
Panama,PAN,2016,2
Panama,PAN,2017,2
Panama,PAN,2018,2
Panama,PAN,2019,2
Panama,PAN,2020,2
Panama,PAN,2021,2
Panama,PAN,2022,2
Papua New Guinea,PNG,2006,2
Papua New Guinea,PNG,2008,2
Papua New Guinea,PNG,2010,2
Papua New Guinea,PNG,2011,2
Papua New Guinea,PNG,2012,2
Papua New Guinea,PNG,2013,2
Papua New Guinea,PNG,2014,2
Papua New Guinea,PNG,2015,2
Papua New Guinea,PNG,2016,2
Papua New Guinea,PNG,2017,2
Papua New Guinea,PNG,2018,2
Papua New Guinea,PNG,2019,2
Papua New Guinea,PNG,2020,2
Papua New Guinea,PNG,2021,2
Papua New Guinea,PNG,2022,1
Paraguay,PRY,2006,2
Paraguay,PRY,2008,2
Paraguay,PRY,2010,2
Paraguay,PRY,2011,2
Paraguay,PRY,2012,2
Paraguay,PRY,2013,2
Paraguay,PRY,2014,2
Paraguay,PRY,2015,2
Paraguay,PRY,2016,2
Paraguay,PRY,2017,2
Paraguay,PRY,2018,2
Paraguay,PRY,2019,2
Paraguay,PRY,2020,2
Paraguay,PRY,2021,1
Paraguay,PRY,2022,1
Peru,PER,2006,2
Peru,PER,2008,2
Peru,PER,2010,2
Peru,PER,2011,2
Peru,PER,2012,2
Peru,PER,2013,2
Peru,PER,2014,2
Peru,PER,2015,2
Peru,PER,2016,2
Peru,PER,2017,2
Peru,PER,2018,2
Peru,PER,2019,2
Peru,PER,2020,2
Peru,PER,2021,2
Peru,PER,2022,1
Philippines,PHL,2006,2
Philippines,PHL,2008,2
Philippines,PHL,2010,2
Philippines,PHL,2011,2
Philippines,PHL,2012,2
Philippines,PHL,2013,2
Philippines,PHL,2014,2
Philippines,PHL,2015,2
Philippines,PHL,2016,2
Philippines,PHL,2017,2
Philippines,PHL,2018,2
Philippines,PHL,2019,2
Philippines,PHL,2020,2
Philippines,PHL,2021,2
Philippines,PHL,2022,2
Poland,POL,2006,2
Poland,POL,2008,2
Poland,POL,2010,2
Poland,POL,2011,2
Poland,POL,2012,2
Poland,POL,2013,2
Poland,POL,2014,2
Poland,POL,2015,2
Poland,POL,2016,2
Poland,POL,2017,2
Poland,POL,2018,2
Poland,POL,2019,2
Poland,POL,2020,2
Poland,POL,2021,2
Poland,POL,2022,2
Portugal,PRT,2006,3
Portugal,PRT,2008,3
Portugal,PRT,2010,3
Portugal,PRT,2011,2
Portugal,PRT,2012,2
Portugal,PRT,2013,2
Portugal,PRT,2014,2
Portugal,PRT,2015,2
Portugal,PRT,2016,2
Portugal,PRT,2017,2
Portugal,PRT,2018,2
Portugal,PRT,2019,3
Portugal,PRT,2020,2
Portugal,PRT,2021,2
Portugal,PRT,2022,2
Qatar,QAT,2006,0
Qatar,QAT,2008,0
Qatar,QAT,2010,0
Qatar,QAT,2011,0
Qatar,QAT,2012,0
Qatar,QAT,2013,0
Qatar,QAT,2014,0
Qatar,QAT,2015,0
Qatar,QAT,2016,0
Qatar,QAT,2017,0
Qatar,QAT,2018,0
Qatar,QAT,2019,0
Qatar,QAT,2020,0
Qatar,QAT,2021,0
Qatar,QAT,2022,0
Romania,ROU,2006,2
Romania,ROU,2008,2
Romania,ROU,2010,2
Romania,ROU,2011,2
Romania,ROU,2012,2
Romania,ROU,2013,2
Romania,ROU,2014,2
Romania,ROU,2015,2
Romania,ROU,2016,2
Romania,ROU,2017,2
Romania,ROU,2018,2
Romania,ROU,2019,2
Romania,ROU,2020,2
Romania,ROU,2021,2
Romania,ROU,2022,2
Russia,RUS,2006,1
Russia,RUS,2008,1
Russia,RUS,2010,1
Russia,RUS,2011,0
Russia,RUS,2012,0
Russia,RUS,2013,0
Russia,RUS,2014,0
Russia,RUS,2015,0
Russia,RUS,2016,0
Russia,RUS,2017,0
Russia,RUS,2018,0
Russia,RUS,2019,0
Russia,RUS,2020,0
Russia,RUS,2021,0
Russia,RUS,2022,0
Rwanda,RWA,2006,0
Rwanda,RWA,2008,0
Rwanda,RWA,2010,0
Rwanda,RWA,2011,0
Rwanda,RWA,2012,0
Rwanda,RWA,2013,0
Rwanda,RWA,2014,0
Rwanda,RWA,2015,0
Rwanda,RWA,2016,0
Rwanda,RWA,2017,0
Rwanda,RWA,2018,0
Rwanda,RWA,2019,0
Rwanda,RWA,2020,0
Rwanda,RWA,2021,0
Rwanda,RWA,2022,0
Saudi Arabia,SAU,2006,0
Saudi Arabia,SAU,2008,0
Saudi Arabia,SAU,2010,0
Saudi Arabia,SAU,2011,0
Saudi Arabia,SAU,2012,0
Saudi Arabia,SAU,2013,0
Saudi Arabia,SAU,2014,0
Saudi Arabia,SAU,2015,0
Saudi Arabia,SAU,2016,0
Saudi Arabia,SAU,2017,0
Saudi Arabia,SAU,2018,0
Saudi Arabia,SAU,2019,0
Saudi Arabia,SAU,2020,0
Saudi Arabia,SAU,2021,0
Saudi Arabia,SAU,2022,0
Senegal,SEN,2006,1
Senegal,SEN,2008,1
Senegal,SEN,2010,1
Senegal,SEN,2011,1
Senegal,SEN,2012,2
Senegal,SEN,2013,2
Senegal,SEN,2014,2
Senegal,SEN,2015,2
Senegal,SEN,2016,2
Senegal,SEN,2017,2
Senegal,SEN,2018,2
Senegal,SEN,2019,1
Senegal,SEN,2020,1
Senegal,SEN,2021,1
Senegal,SEN,2022,1
Serbia,SRB,2006,2
Serbia,SRB,2008,2
Serbia,SRB,2010,2
Serbia,SRB,2011,2
Serbia,SRB,2012,2
Serbia,SRB,2013,2
Serbia,SRB,2014,2
Serbia,SRB,2015,2
Serbia,SRB,2016,2
Serbia,SRB,2017,2
Serbia,SRB,2018,2
Serbia,SRB,2019,2
Serbia,SRB,2020,2
Serbia,SRB,2021,2
Serbia,SRB,2022,2
Sierra Leone,SLE,2006,0
Sierra Leone,SLE,2008,1
Sierra Leone,SLE,2010,1
Sierra Leone,SLE,2011,1
Sierra Leone,SLE,2012,1
Sierra Leone,SLE,2013,1
Sierra Leone,SLE,2014,1
Sierra Leone,SLE,2015,1
Sierra Leone,SLE,2016,1
Sierra Leone,SLE,2017,1
Sierra Leone,SLE,2018,1
Sierra Leone,SLE,2019,1
Sierra Leone,SLE,2020,1
Sierra Leone,SLE,2021,1
Sierra Leone,SLE,2022,1
Singapore,SGP,2006,1
Singapore,SGP,2008,1
Singapore,SGP,2010,1
Singapore,SGP,2011,1
Singapore,SGP,2012,1
Singapore,SGP,2013,1
Singapore,SGP,2014,2
Singapore,SGP,2015,2
Singapore,SGP,2016,2
Singapore,SGP,2017,2
Singapore,SGP,2018,2
Singapore,SGP,2019,2
Singapore,SGP,2020,2
Singapore,SGP,2021,2
Singapore,SGP,2022,2
Slovakia,SVK,2006,2
Slovakia,SVK,2008,2
Slovakia,SVK,2010,2
Slovakia,SVK,2011,2
Slovakia,SVK,2012,2
Slovakia,SVK,2013,2
Slovakia,SVK,2014,2
Slovakia,SVK,2015,2
Slovakia,SVK,2016,2
Slovakia,SVK,2017,2
Slovakia,SVK,2018,2
Slovakia,SVK,2019,2
Slovakia,SVK,2020,2
Slovakia,SVK,2021,2
Slovakia,SVK,2022,2
Slovenia,SVN,2006,2
Slovenia,SVN,2008,2
Slovenia,SVN,2010,2
Slovenia,SVN,2011,2
Slovenia,SVN,2012,2
Slovenia,SVN,2013,2
Slovenia,SVN,2014,2
Slovenia,SVN,2015,2
Slovenia,SVN,2016,2
Slovenia,SVN,2017,2
Slovenia,SVN,2018,2
Slovenia,SVN,2019,2
Slovenia,SVN,2020,2
Slovenia,SVN,2021,2
Slovenia,SVN,2022,2
South Africa,ZAF,2006,2
South Africa,ZAF,2008,2
South Africa,ZAF,2010,2
South Africa,ZAF,2011,2
South Africa,ZAF,2012,2
South Africa,ZAF,2013,2
South Africa,ZAF,2014,2
South Africa,ZAF,2015,2
South Africa,ZAF,2016,2
South Africa,ZAF,2017,2
South Africa,ZAF,2018,2
South Africa,ZAF,2019,2
South Africa,ZAF,2020,2
South Africa,ZAF,2021,2
South Africa,ZAF,2022,2
South Korea,KOR,2006,2
South Korea,KOR,2008,3
South Korea,KOR,2010,3
South Korea,KOR,2011,3
South Korea,KOR,2012,3
South Korea,KOR,2013,3
South Korea,KOR,2014,3
South Korea,KOR,2015,2
South Korea,KOR,2016,2
South Korea,KOR,2017,2
South Korea,KOR,2018,2
South Korea,KOR,2019,2
South Korea,KOR,2020,3
South Korea,KOR,2021,3
South Korea,KOR,2022,3
Spain,ESP,2006,3
Spain,ESP,2008,3
Spain,ESP,2010,3
Spain,ESP,2011,3
Spain,ESP,2012,3
Spain,ESP,2013,3
Spain,ESP,2014,3
Spain,ESP,2015,3
Spain,ESP,2016,3
Spain,ESP,2017,3
Spain,ESP,2018,3
Spain,ESP,2019,3
Spain,ESP,2020,3
Spain,ESP,2021,2
Spain,ESP,2022,3
Sri Lanka,LKA,2006,2
Sri Lanka,LKA,2008,2
Sri Lanka,LKA,2010,2
Sri Lanka,LKA,2011,2
Sri Lanka,LKA,2012,1
Sri Lanka,LKA,2013,1
Sri Lanka,LKA,2014,1
Sri Lanka,LKA,2015,2
Sri Lanka,LKA,2016,2
Sri Lanka,LKA,2017,2
Sri Lanka,LKA,2018,2
Sri Lanka,LKA,2019,2
Sri Lanka,LKA,2020,2
Sri Lanka,LKA,2021,2
Sri Lanka,LKA,2022,2
Sudan,SDN,2006,0
Sudan,SDN,2008,0
Sudan,SDN,2010,0
Sudan,SDN,2011,0
Sudan,SDN,2012,0
Sudan,SDN,2013,0
Sudan,SDN,2014,0
Sudan,SDN,2015,0
Sudan,SDN,2016,0
Sudan,SDN,2017,0
Sudan,SDN,2018,0
Sudan,SDN,2019,0
Sudan,SDN,2020,0
Sudan,SDN,2021,0
Sudan,SDN,2022,0
Suriname,SUR,2006,2
Suriname,SUR,2008,2
Suriname,SUR,2010,2
Suriname,SUR,2011,2
Suriname,SUR,2012,2
Suriname,SUR,2013,2
Suriname,SUR,2014,2
Suriname,SUR,2015,2
Suriname,SUR,2016,2
Suriname,SUR,2017,2
Suriname,SUR,2018,2
Suriname,SUR,2019,2
Suriname,SUR,2020,2
Suriname,SUR,2021,2
Suriname,SUR,2022,2
Sweden,SWE,2006,3
Sweden,SWE,2008,3
Sweden,SWE,2010,3
Sweden,SWE,2011,3
Sweden,SWE,2012,3
Sweden,SWE,2013,3
Sweden,SWE,2014,3
Sweden,SWE,2015,3
Sweden,SWE,2016,3
Sweden,SWE,2017,3
Sweden,SWE,2018,3
Sweden,SWE,2019,3
Sweden,SWE,2020,3
Sweden,SWE,2021,3
Sweden,SWE,2022,3
Switzerland,CHE,2006,3
Switzerland,CHE,2008,3
Switzerland,CHE,2010,3
Switzerland,CHE,2011,3
Switzerland,CHE,2012,3
Switzerland,CHE,2013,3
Switzerland,CHE,2014,3
Switzerland,CHE,2015,3
Switzerland,CHE,2016,3
Switzerland,CHE,2017,3
Switzerland,CHE,2018,3
Switzerland,CHE,2019,3
Switzerland,CHE,2020,3
Switzerland,CHE,2021,3
Switzerland,CHE,2022,3
Syria,SYR,2006,0
Syria,SYR,2008,0
Syria,SYR,2010,0
Syria,SYR,2011,0
Syria,SYR,2012,0
Syria,SYR,2013,0
Syria,SYR,2014,0
Syria,SYR,2015,0
Syria,SYR,2016,0
Syria,SYR,2017,0
Syria,SYR,2018,0
Syria,SYR,2019,0
Syria,SYR,2020,0
Syria,SYR,2021,0
Syria,SYR,2022,0
Taiwan,TWN,2006,2
Taiwan,TWN,2008,2
Taiwan,TWN,2010,2
Taiwan,TWN,2011,2
Taiwan,TWN,2012,2
Taiwan,TWN,2013,2
Taiwan,TWN,2014,2
Taiwan,TWN,2015,2
Taiwan,TWN,2016,2
Taiwan,TWN,2017,2
Taiwan,TWN,2018,2
Taiwan,TWN,2019,2
Taiwan,TWN,2020,3
Taiwan,TWN,2021,3
Taiwan,TWN,2022,3
Tajikistan,TJK,2006,0
Tajikistan,TJK,2008,0
Tajikistan,TJK,2010,0
Tajikistan,TJK,2011,0
Tajikistan,TJK,2012,0
Tajikistan,TJK,2013,0
Tajikistan,TJK,2014,0
Tajikistan,TJK,2015,0
Tajikistan,TJK,2016,0
Tajikistan,TJK,2017,0
Tajikistan,TJK,2018,0
Tajikistan,TJK,2019,0
Tajikistan,TJK,2020,0
Tajikistan,TJK,2021,0
Tajikistan,TJK,2022,0
Tanzania,TZA,2006,1
Tanzania,TZA,2008,1
Tanzania,TZA,2010,1
Tanzania,TZA,2011,1
Tanzania,TZA,2012,1
Tanzania,TZA,2013,1
Tanzania,TZA,2014,1
Tanzania,TZA,2015,1
Tanzania,TZA,2016,1
Tanzania,TZA,2017,1
Tanzania,TZA,2018,1
Tanzania,TZA,2019,1
Tanzania,TZA,2020,1
Tanzania,TZA,2021,1
Tanzania,TZA,2022,1
Thailand,THA,2006,1
Thailand,THA,2008,2
Thailand,THA,2010,2
Thailand,THA,2011,2
Thailand,THA,2012,2
Thailand,THA,2013,2
Thailand,THA,2014,1
Thailand,THA,2015,1
Thailand,THA,2016,1
Thailand,THA,2017,1
Thailand,THA,2018,1
Thailand,THA,2019,2
Thailand,THA,2020,2
Thailand,THA,2021,2
Thailand,THA,2022,2
Timor,TLS,2006,2
Timor,TLS,2008,2
Timor,TLS,2010,2
Timor,TLS,2011,2
Timor,TLS,2012,2
Timor,TLS,2013,2
Timor,TLS,2014,2
Timor,TLS,2015,2
Timor,TLS,2016,2
Timor,TLS,2017,2
Timor,TLS,2018,2
Timor,TLS,2019,2
Timor,TLS,2020,2
Timor,TLS,2021,2
Timor,TLS,2022,2
Togo,TGO,2006,0
Togo,TGO,2008,0
Togo,TGO,2010,0
Togo,TGO,2011,0
Togo,TGO,2012,0
Togo,TGO,2013,0
Togo,TGO,2014,0
Togo,TGO,2015,0
Togo,TGO,2016,0
Togo,TGO,2017,0
Togo,TGO,2018,0
Togo,TGO,2019,0
Togo,TGO,2020,0
Togo,TGO,2021,0
Togo,TGO,2022,0
Trinidad and Tobago,TTO,2006,2
Trinidad and Tobago,TTO,2008,2
Trinidad and Tobago,TTO,2010,2
Trinidad and Tobago,TTO,2011,2
Trinidad and Tobago,TTO,2012,2
Trinidad and Tobago,TTO,2013,2
Trinidad and Tobago,TTO,2014,2
Trinidad and Tobago,TTO,2015,2
Trinidad and Tobago,TTO,2016,2
Trinidad and Tobago,TTO,2017,2
Trinidad and Tobago,TTO,2018,2
Trinidad and Tobago,TTO,2019,2
Trinidad and Tobago,TTO,2020,2
Trinidad and Tobago,TTO,2021,2
Trinidad and Tobago,TTO,2022,2
Tunisia,TUN,2006,0
Tunisia,TUN,2008,0
Tunisia,TUN,2010,0
Tunisia,TUN,2011,1
Tunisia,TUN,2012,1
Tunisia,TUN,2013,1
Tunisia,TUN,2014,2
Tunisia,TUN,2015,2
Tunisia,TUN,2016,2
Tunisia,TUN,2017,2
Tunisia,TUN,2018,2
Tunisia,TUN,2019,2
Tunisia,TUN,2020,2
Tunisia,TUN,2021,1
Tunisia,TUN,2022,1
Turkey,TUR,2006,1
Turkey,TUR,2008,1
Turkey,TUR,2010,1
Turkey,TUR,2011,1
Turkey,TUR,2012,1
Turkey,TUR,2013,1
Turkey,TUR,2014,1
Turkey,TUR,2015,1
Turkey,TUR,2016,1
Turkey,TUR,2017,1
Turkey,TUR,2018,1
Turkey,TUR,2019,1
Turkey,TUR,2020,1
Turkey,TUR,2021,1
Turkey,TUR,2022,1
Turkmenistan,TKM,2006,0
Turkmenistan,TKM,2008,0
Turkmenistan,TKM,2010,0
Turkmenistan,TKM,2011,0
Turkmenistan,TKM,2012,0
Turkmenistan,TKM,2013,0
Turkmenistan,TKM,2014,0
Turkmenistan,TKM,2015,0
Turkmenistan,TKM,2016,0
Turkmenistan,TKM,2017,0
Turkmenistan,TKM,2018,0
Turkmenistan,TKM,2019,0
Turkmenistan,TKM,2020,0
Turkmenistan,TKM,2021,0
Turkmenistan,TKM,2022,0
Uganda,UGA,2006,1
Uganda,UGA,2008,1
Uganda,UGA,2010,1
Uganda,UGA,2011,1
Uganda,UGA,2012,1
Uganda,UGA,2013,1
Uganda,UGA,2014,1
Uganda,UGA,2015,1
Uganda,UGA,2016,1
Uganda,UGA,2017,1
Uganda,UGA,2018,1
Uganda,UGA,2019,1
Uganda,UGA,2020,1
Uganda,UGA,2021,1
Uganda,UGA,2022,1
Ukraine,UKR,2006,2
Ukraine,UKR,2008,2
Ukraine,UKR,2010,2
Ukraine,UKR,2011,1
Ukraine,UKR,2012,1
Ukraine,UKR,2013,1
Ukraine,UKR,2014,1
Ukraine,UKR,2015,1
Ukraine,UKR,2016,1
Ukraine,UKR,2017,1
Ukraine,UKR,2018,1
Ukraine,UKR,2019,1
Ukraine,UKR,2020,1
Ukraine,UKR,2021,1
Ukraine,UKR,2022,1
United Arab Emirates,ARE,2006,0
United Arab Emirates,ARE,2008,0
United Arab Emirates,ARE,2010,0
United Arab Emirates,ARE,2011,0
United Arab Emirates,ARE,2012,0
United Arab Emirates,ARE,2013,0
United Arab Emirates,ARE,2014,0
United Arab Emirates,ARE,2015,0
United Arab Emirates,ARE,2016,0
United Arab Emirates,ARE,2017,0
United Arab Emirates,ARE,2018,0
United Arab Emirates,ARE,2019,0
United Arab Emirates,ARE,2020,0
United Arab Emirates,ARE,2021,0
United Arab Emirates,ARE,2022,0
United Kingdom,GBR,2006,3
United Kingdom,GBR,2008,3
United Kingdom,GBR,2010,3
United Kingdom,GBR,2011,3
United Kingdom,GBR,2012,3
United Kingdom,GBR,2013,3
United Kingdom,GBR,2014,3
United Kingdom,GBR,2015,3
United Kingdom,GBR,2016,3
United Kingdom,GBR,2017,3
United Kingdom,GBR,2018,3
United Kingdom,GBR,2019,3
United Kingdom,GBR,2020,3
United Kingdom,GBR,2021,3
United Kingdom,GBR,2022,3
United States,USA,2006,3
United States,USA,2008,3
United States,USA,2010,3
United States,USA,2011,3
United States,USA,2012,3
United States,USA,2013,3
United States,USA,2014,3
United States,USA,2015,3
United States,USA,2016,2
United States,USA,2017,2
United States,USA,2018,2
United States,USA,2019,2
United States,USA,2020,2
United States,USA,2021,2
United States,USA,2022,2
Uruguay,URY,2006,2
Uruguay,URY,2008,3
Uruguay,URY,2010,3
Uruguay,URY,2011,3
Uruguay,URY,2012,3
Uruguay,URY,2013,3
Uruguay,URY,2014,3
Uruguay,URY,2015,3
Uruguay,URY,2016,3
Uruguay,URY,2017,3
Uruguay,URY,2018,3
Uruguay,URY,2019,3
Uruguay,URY,2020,3
Uruguay,URY,2021,3
Uruguay,URY,2022,3
Uzbekistan,UZB,2006,0
Uzbekistan,UZB,2008,0
Uzbekistan,UZB,2010,0
Uzbekistan,UZB,2011,0
Uzbekistan,UZB,2012,0
Uzbekistan,UZB,2013,0
Uzbekistan,UZB,2014,0
Uzbekistan,UZB,2015,0
Uzbekistan,UZB,2016,0
Uzbekistan,UZB,2017,0
Uzbekistan,UZB,2018,0
Uzbekistan,UZB,2019,0
Uzbekistan,UZB,2020,0
Uzbekistan,UZB,2021,0
Uzbekistan,UZB,2022,0
Venezuela,VEN,2006,1
Venezuela,VEN,2008,1
Venezuela,VEN,2010,1
Venezuela,VEN,2011,1
Venezuela,VEN,2012,1
Venezuela,VEN,2013,1
Venezuela,VEN,2014,1
Venezuela,VEN,2015,1
Venezuela,VEN,2016,1
Venezuela,VEN,2017,0
Venezuela,VEN,2018,0
Venezuela,VEN,2019,0
Venezuela,VEN,2020,0
Venezuela,VEN,2021,0
Venezuela,VEN,2022,0
Vietnam,VNM,2006,0
Vietnam,VNM,2008,0
Vietnam,VNM,2010,0
Vietnam,VNM,2011,0
Vietnam,VNM,2012,0
Vietnam,VNM,2013,0
Vietnam,VNM,2014,0
Vietnam,VNM,2015,0
Vietnam,VNM,2016,0
Vietnam,VNM,2017,0
Vietnam,VNM,2018,0
Vietnam,VNM,2019,0
Vietnam,VNM,2020,0
Vietnam,VNM,2021,0
Vietnam,VNM,2022,0
Yemen,YEM,2006,0
Yemen,YEM,2008,0
Yemen,YEM,2010,0
Yemen,YEM,2011,0
Yemen,YEM,2012,0
Yemen,YEM,2013,0
Yemen,YEM,2014,0
Yemen,YEM,2015,0
Yemen,YEM,2016,0
Yemen,YEM,2017,0
Yemen,YEM,2018,0
Yemen,YEM,2019,0
Yemen,YEM,2020,0
Yemen,YEM,2021,0
Yemen,YEM,2022,0
Zambia,ZMB,2006,1
Zambia,ZMB,2008,1
Zambia,ZMB,2010,1
Zambia,ZMB,2011,2
Zambia,ZMB,2012,2
Zambia,ZMB,2013,2
Zambia,ZMB,2014,2
Zambia,ZMB,2015,2
Zambia,ZMB,2016,1
Zambia,ZMB,2017,1
Zambia,ZMB,2018,1
Zambia,ZMB,2019,1
Zambia,ZMB,2020,1
Zambia,ZMB,2021,1
Zambia,ZMB,2022,1
Zimbabwe,ZWE,2006,0
Zimbabwe,ZWE,2008,0
Zimbabwe,ZWE,2010,0
Zimbabwe,ZWE,2011,0
Zimbabwe,ZWE,2012,0
Zimbabwe,ZWE,2013,0
Zimbabwe,ZWE,2014,0
Zimbabwe,ZWE,2015,0
Zimbabwe,ZWE,2016,0
Zimbabwe,ZWE,2017,0
Zimbabwe,ZWE,2018,0
Zimbabwe,ZWE,2019,0
Zimbabwe,ZWE,2020,0
Zimbabwe,ZWE,2021,0
Zimbabwe,ZWE,2022,0